a,ak
ay,as
azi,atta
adel,an
ane,ig
aba,inne
af,in
ahe,ug
ama,un
ara,es
ali,eth
al,etta
are,en
alec,ord
arro,os
i,oz
io,otta
ish,on
if,ga
iv,gar
il,gas
ir,cas
u,gan
ub,gy
ur,gis
ula,gistan
uli,gin
ul,keyro
e,gues
ey,guen
eym,co
edo,cord
eva,goth
evo,cold
era,cory
eli,cole
elis,sa
ero,za
o,sar
oy,zard
og,sard
os,zas
oz,sammy
ozo,zastan
ody,thandla
obe,sand
omi,seek
ol,sierra
ka,siel
ga,ziss
kay,sid
casa,sha
cas,shark
kas,siss
kaz,shack
kab,shy
caf,s
cav,suk
kanz,zess
ganda,z
ky,cess
gy,sor
gik,sorc
kiz,sord
giz,zof
kis,sony
gis,ta
cu,dar
gu,tan
kut,daos
kuf,daora
ke,deth
ge,dath
kef,tam
kor,tali
cor,dark
go,dan
kof,tis
kov,tin
kor,kka
gor,decker
gorra,cker
sa,tuen
za,kor
say,tta
sazi,ty
sama,tty
samo,to
sar,tto
si,den
zi,dear
sha,dey
shu,cis
sho,dis
jil,din
su,deos
zu,destan
se,delia
ze,ten
sey,tor
say,dor
sesa,dorre
ces,toli
sez,don
sem,na
ser,nart
cero,nert
so,nerd
sor,nail
soy,nas
da,nakk
ti,naf
tar,narc
tam,nald
die,nan
tao,ny
dar,nick
chi,ne
cha,nail
chur,ned
chor,neck
tur,nes
dur,nack
te,nel
dey,no
del,noir
teo,nor
to,nert
do,nort
tod,nord
tomy,nock
tom,nof
tol,nold
na,non
nag,by
nas,berg
naz,hert
nab,hart
nar,bird
ni,hard
nico,hael
nis,heal
nu,hack
ne,had
nel,vamos
nebi,halt
nero,bald
no,ban
nor,pan
ha,han
ba,via
pa,vy
hay,vis
hi,bit
bi,hymos
pi,pin
fu,vin
vu,far
pu,fael
fa,fous
fy,fas
fey,fy
for,fis
fleo,fuga
flea,fess
frey,for
frea,fon
he,forse
hes,ford
pe,feus
hel,hock
bel,bear
ho,beth
vo,beck
po,bed
ma,hed
mi,berk
mis,belt
mish,bor
misha,hawk
mys,horse
mu,boss
me,bon
mo,pond
mona,my
ya,miss
ju,mia
jo,mick
ra,m
rai,mer
reia,mos
lio,mes
laz,mock
li,mof
lu,ya
le,yas
leo,yan
leva,yun
ro,yon
log,ra
rossi,larg
lova,lard
robe,rice
wa,ly
wag,lag
wy,lass
,rak
,letta
,rana
,raf
,ralk
,rald
,li
,ria
,line
,lite
,liss
,liz
,rick
,ritta
,rul
,lur
,ruin
,root
,loss
,loot
,ry
,rea
,rey
,ler
,ress
,lez
,retta
,rel
,law
,loa
,roy
,roer
,lerg
,lort
,rot
,lord
,log
,loth
,loz
,rock
,rotta
,lot
,rona
,rof
,ron
,lond
,wer
,wert
,wart
,ward
,won
,er
,chael
,tony
,nsor
,seth
,nna
,nnba
